,audio_filename,predictions,ground_truth,sensor_id,day,hour,block,latitude,longitude,week,Equals
0,00_026884.wav,1-3_large-sounding-engine,1-2_medium-sounding-engine,0,Thursday,8,547,40.72951,-73.99388,43,0
3,00_027096.wav,1-2_medium-sounding-engine,3-1_non-machinery-impact,0,Monday,9,547,40.72951,-73.99388,31,0
5,00_027176.wav,7-1_person-or-small-group-talking,5-1_car-horn,0,Friday,15,547,40.72951,-73.99388,22,0
6,00_027218.wav,7-1_person-or-small-group-talking,5-1_car-horn,0,Saturday,18,547,40.72951,-73.99388,46,0
8,00_027302.wav,7-1_person-or-small-group-talking,1-X_engine-of-uncertain-size,0,Sunday,19,547,40.72951,-73.99388,28,0
10,00_027359.wav,7-1_person-or-small-group-talking,7-2_person-or-small-group-shouting,0,Sunday,15,547,40.72951,-73.99388,52,0
15,00_027530.wav,7-1_person-or-small-group-talking,1-1_small-sounding-engine,0,Thursday,20,547,40.72951,-73.99388,24,0
16,00_027708.wav,1-2_medium-sounding-engine,7-1_person-or-small-group-talking,0,Friday,20,547,40.72951,-73.99388,37,0
18,01_026900.wav,7-1_person-or-small-group-talking,6-1_stationary-music,1,Wednesday,19,541,40.73033,-73.9987,31,0
20,01_026976.wav,8-1_dog-barking-whining,3-1_non-machinery-impact,1,Wednesday,14,541,40.73033,-73.9987,20,0
21,01_026984.wav,8-1_dog-barking-whining,5-3_siren,1,Tuesday,19,541,40.73033,-73.9987,23,0
23,01_027028.wav,8-1_dog-barking-whining,7-2_person-or-small-group-shouting,1,Wednesday,12,541,40.73033,-73.9987,16,0
24,01_027029.wav,1-2_medium-sounding-engine,5-1_car-horn,1,Monday,17,541,40.73033,-73.9987,50,0
25,01_027042.wav,7-1_person-or-small-group-talking,6-2_mobile-music,1,Wednesday,20,541,40.73033,-73.9987,35,0
28,01_027352.wav,7-1_person-or-small-group-talking,5-1_car-horn,1,Monday,17,541,40.73033,-73.9987,33,0
29,01_027568.wav,7-1_person-or-small-group-talking,6-1_stationary-music,1,Tuesday,12,541,40.73033,-73.9987,32,0
30,01_027635.wav,5-1_car-horn,6-1_stationary-music,1,Tuesday,20,541,40.73033,-73.9987,44,0
31,01_027742.wav,1-2_medium-sounding-engine,2-1_rock-drill,1,Saturday,20,541,40.73033,-73.9987,52,0
32,01_027868.wav,6-1_stationary-music,1-1_small-sounding-engine,1,Monday,18,541,40.73033,-73.9987,50,0
33,02_026883.wav,7-1_person-or-small-group-talking,4-1_chainsaw,2,Wednesday,8,548,40.73118,-73.99443000000002,18,0
34,02_026904.wav,1-3_large-sounding-engine,1-1_small-sounding-engine,2,Wednesday,12,548,40.73118,-73.99443000000002,26,0
35,02_027223.wav,7-1_person-or-small-group-talking,1-1_small-sounding-engine,2,Wednesday,12,548,40.73118,-73.99443000000002,34,0
37,02_027448.wav,1-3_large-sounding-engine,7-1_person-or-small-group-talking,2,Sunday,13,548,40.73118,-73.99443000000002,26,0
38,02_027570.wav,1-3_large-sounding-engine,1-1_small-sounding-engine,2,Sunday,10,548,40.73118,-73.99443000000002,27,0
40,02_027672.wav,1-3_large-sounding-engine,1-1_small-sounding-engine,2,Tuesday,9,548,40.73118,-73.99443000000002,40,0
41,02_027828.wav,1-3_large-sounding-engine,1-2_medium-sounding-engine,2,Sunday,18,548,40.73118,-73.99443000000002,33,0
43,03_027013.wav,1-2_medium-sounding-engine,5-1_car-horn,3,Friday,11,531,40.7275,-73.99286,49,0
45,03_027229.wav,7-1_person-or-small-group-talking,1-3_large-sounding-engine,3,Saturday,12,531,40.7275,-73.99286,20,0
46,03_027300.wav,3-1_non-machinery-impact,1-1_small-sounding-engine,3,Monday,11,531,40.7275,-73.99286,37,0
47,03_027382.wav,3-1_non-machinery-impact,7-1_person-or-small-group-talking,3,Tuesday,11,531,40.7275,-73.99286,29,0
48,03_027430.wav,1-3_large-sounding-engine,1-1_small-sounding-engine,3,Friday,13,531,40.7275,-73.99286,47,0
49,03_027476.wav,5-1_car-horn,1-3_large-sounding-engine,3,Thursday,10,531,40.7275,-73.99286,28,0
51,03_027535.wav,3-1_non-machinery-impact,7-1_person-or-small-group-talking,3,Friday,9,531,40.7275,-73.99286,40,0
56,04_026982.wav,7-1_person-or-small-group-talking,1-1_small-sounding-engine,4,Sunday,9,535,40.72898,-73.99629,19,0
57,04_026992.wav,7-1_person-or-small-group-talking,1-1_small-sounding-engine,4,Tuesday,18,535,40.72898,-73.99629,24,0
59,04_027099.wav,7-1_person-or-small-group-talking,5-1_car-horn,4,Wednesday,18,535,40.72898,-73.99629,50,0
61,04_027185.wav,1-1_small-sounding-engine,1-2_medium-sounding-engine,4,Sunday,17,535,40.72898,-73.99629,30,0
63,04_027205.wav,1-2_medium-sounding-engine,3-1_non-machinery-impact,4,Thursday,13,535,40.72898,-73.99629,48,0
64,04_027239.wav,7-1_person-or-small-group-talking,3-1_non-machinery-impact,4,Wednesday,12,535,40.72898,-73.99629,50,0
68,04_027473.wav,1-2_medium-sounding-engine,8-1_dog-barking-whining,4,Tuesday,8,535,40.72898,-73.99629,33,0
72,04_027712.wav,7-1_person-or-small-group-talking,5-1_car-horn,4,Tuesday,14,535,40.72898,-73.99629,24,0
74,04_027731.wav,7-1_person-or-small-group-talking,1-3_large-sounding-engine,4,Monday,9,535,40.72898,-73.99629,32,0
75,04_027751.wav,1-2_medium-sounding-engine,1-1_small-sounding-engine,4,Monday,9,535,40.72898,-73.99629,52,0
79,04_027875.wav,7-1_person-or-small-group-talking,3-1_non-machinery-impact,4,Monday,10,535,40.72898,-73.99629,16,0
81,05_026912.wav,1-3_large-sounding-engine,1-1_small-sounding-engine,5,Saturday,8,142,40.69398,-73.98697,34,0
83,05_027006.wav,5-1_car-horn,1-1_small-sounding-engine,5,Tuesday,9,142,40.69398,-73.98697,26,0
84,05_027010.wav,7-1_person-or-small-group-talking,2-X_other-unknown-impact-machinery,5,Monday,16,142,40.69398,-73.98697,25,0
85,05_027057.wav,1-3_large-sounding-engine,7-1_person-or-small-group-talking,5,Monday,15,142,40.69398,-73.98697,41,0
86,05_027064.wav,1-3_large-sounding-engine,5-1_car-horn,5,Monday,12,142,40.69398,-73.98697,29,0
87,05_027148.wav,5-1_car-horn,3-1_non-machinery-impact,5,Saturday,17,142,40.69398,-73.98697,27,0
88,05_027168.wav,5-1_car-horn,1-1_small-sounding-engine,5,Monday,17,142,40.69398,-73.98697,52,0
90,05_027310.wav,5-1_car-horn,1-2_medium-sounding-engine,5,Tuesday,12,142,40.69398,-73.98697,52,0
91,05_027311.wav,5-1_car-horn,7-1_person-or-small-group-talking,5,Saturday,20,142,40.69398,-73.98697,31,0
94,05_027511.wav,1-3_large-sounding-engine,1-1_small-sounding-engine,5,Monday,12,142,40.69398,-73.98697,35,0
95,05_027524.wav,7-1_person-or-small-group-talking,6-1_stationary-music,5,Wednesday,20,142,40.69398,-73.98697,23,0
96,05_027703.wav,5-1_car-horn,6-1_stationary-music,5,Monday,18,142,40.69398,-73.98697,29,0
97,05_027792.wav,5-1_car-horn,6-1_stationary-music,5,Wednesday,13,142,40.69398,-73.98697,48,0
99,06_026923.wav,7-1_person-or-small-group-talking,6-1_stationary-music,6,Wednesday,17,843,40.73642,-73.99150999999998,26,0
100,06_027167.wav,3-1_non-machinery-impact,6-1_stationary-music,6,Wednesday,10,843,40.73642,-73.99150999999998,31,0
103,06_027533.wav,7-1_person-or-small-group-talking,6-1_stationary-music,6,Monday,16,843,40.73642,-73.99150999999998,44,0
105,06_027563.wav,7-1_person-or-small-group-talking,3-1_non-machinery-impact,6,Tuesday,16,843,40.73642,-73.99150999999998,38,0
106,06_027581.wav,6-1_stationary-music,7-1_person-or-small-group-talking,6,Saturday,12,843,40.73642,-73.99150999999998,22,0
107,06_027653.wav,5-1_car-horn,6-1_stationary-music,6,Thursday,20,843,40.73642,-73.99150999999998,48,0
110,07_026897.wav,1-2_medium-sounding-engine,1-1_small-sounding-engine,7,Tuesday,10,547,40.72951,-73.99425,37,0
111,07_026948.wav,1-2_medium-sounding-engine,5-1_car-horn,7,Wednesday,20,547,40.72951,-73.99425,47,0
112,07_027015.wav,1-2_medium-sounding-engine,1-1_small-sounding-engine,7,Thursday,13,547,40.72951,-73.99425,44,0
113,07_027027.wav,1-2_medium-sounding-engine,1-1_small-sounding-engine,7,Saturday,12,547,40.72951,-73.99425,32,0
114,07_027068.wav,1-2_medium-sounding-engine,1-1_small-sounding-engine,7,Saturday,15,547,40.72951,-73.99425,44,0
115,07_027150.wav,1-2_medium-sounding-engine,5-1_car-horn,7,Tuesday,18,547,40.72951,-73.99425,51,0
116,07_027242.wav,1-2_medium-sounding-engine,1-1_small-sounding-engine,7,Friday,15,547,40.72951,-73.99425,30,0
117,07_027320.wav,1-2_medium-sounding-engine,1-1_small-sounding-engine,7,Wednesday,12,547,40.72951,-73.99425,38,0
119,07_027402.wav,1-2_medium-sounding-engine,1-1_small-sounding-engine,7,Tuesday,14,547,40.72951,-73.99425,51,0
120,07_027499.wav,1-2_medium-sounding-engine,1-1_small-sounding-engine,7,Sunday,15,547,40.72951,-73.99425,23,0
121,07_027523.wav,1-3_large-sounding-engine,2-2_jackhammer,7,Wednesday,11,547,40.72951,-73.99425,38,0
122,07_027549.wav,1-2_medium-sounding-engine,1-1_small-sounding-engine,7,Friday,17,547,40.72951,-73.99425,50,0
123,07_027602.wav,1-2_medium-sounding-engine,1-1_small-sounding-engine,7,Tuesday,12,547,40.72951,-73.99425,39,0
124,07_027607.wav,1-2_medium-sounding-engine,1-1_small-sounding-engine,7,Saturday,15,547,40.72951,-73.99425,24,0
125,07_027714.wav,1-2_medium-sounding-engine,1-1_small-sounding-engine,7,Friday,20,547,40.72951,-73.99425,27,0
126,07_027726.wav,1-2_medium-sounding-engine,1-1_small-sounding-engine,7,Wednesday,17,547,40.72951,-73.99425,47,0
127,07_027871.wav,1-2_medium-sounding-engine,1-1_small-sounding-engine,7,Wednesday,15,547,40.72951,-73.99425,23,0
129,09_026980.wav,7-1_person-or-small-group-talking,5-1_car-horn,9,Sunday,8,548,40.73059,-73.99479000000002,46,0
131,09_026995.wav,1-2_medium-sounding-engine,1-1_small-sounding-engine,9,Friday,9,548,40.73059,-73.99479000000002,37,0
136,09_027132.wav,1-2_medium-sounding-engine,2-2_jackhammer,9,Thursday,18,548,40.73059,-73.99479000000002,49,0
137,09_027144.wav,1-2_medium-sounding-engine,1-1_small-sounding-engine,9,Sunday,12,548,40.73059,-73.99479000000002,27,0
138,09_027149.wav,7-1_person-or-small-group-talking,4-1_chainsaw,9,Wednesday,9,548,40.73059,-73.99479000000002,18,0
139,09_027201.wav,7-1_person-or-small-group-talking,1-1_small-sounding-engine,9,Friday,17,548,40.73059,-73.99479000000002,38,0
144,09_027536.wav,1-2_medium-sounding-engine,1-1_small-sounding-engine,9,Friday,13,548,40.73059,-73.99479000000002,29,0
145,09_027541.wav,5-1_car-horn,3-1_non-machinery-impact,9,Tuesday,9,548,40.73059,-73.99479000000002,46,0
146,09_027605.wav,1-2_medium-sounding-engine,1-1_small-sounding-engine,9,Wednesday,10,548,40.73059,-73.99479000000002,18,0
148,09_027740.wav,1-2_medium-sounding-engine,1-3_large-sounding-engine,9,Wednesday,10,548,40.73059,-73.99479000000002,51,0
150,09_027880.wav,7-1_person-or-small-group-talking,3-1_non-machinery-impact,9,Thursday,14,548,40.73059,-73.99479000000002,47,0
152,10_027038.wav,7-1_person-or-small-group-talking,1-2_medium-sounding-engine,10,Tuesday,20,481,40.72105,-73.99728,19,0
153,10_027297.wav,5-1_car-horn,1-3_large-sounding-engine,10,Thursday,16,481,40.72105,-73.99728,29,0
154,10_027321.wav,5-1_car-horn,1-2_medium-sounding-engine,10,Monday,8,481,40.72105,-73.99728,26,0
155,10_027349.wav,1-2_medium-sounding-engine,1-3_large-sounding-engine,10,Tuesday,9,481,40.72105,-73.99728,33,0
156,10_027367.wav,7-1_person-or-small-group-talking,5-1_car-horn,10,Wednesday,16,481,40.72105,-73.99728,40,0
157,11_026899.wav,7-1_person-or-small-group-talking,3-1_non-machinery-impact,11,Thursday,12,568,40.73328,-73.99446999999998,26,0
158,11_027011.wav,1-2_medium-sounding-engine,5-1_car-horn,11,Friday,9,568,40.73328,-73.99446999999998,20,0
161,11_027071.wav,1-2_medium-sounding-engine,3-1_non-machinery-impact,11,Thursday,16,568,40.73328,-73.99446999999998,31,0
162,11_027073.wav,1-2_medium-sounding-engine,1-1_small-sounding-engine,11,Wednesday,9,568,40.73328,-73.99446999999998,40,0
164,11_027097.wav,3-1_non-machinery-impact,1-2_medium-sounding-engine,11,Tuesday,14,568,40.73328,-73.99446999999998,26,0
165,11_027117.wav,1-2_medium-sounding-engine,1-3_large-sounding-engine,11,Friday,19,568,40.73328,-73.99446999999998,44,0
166,11_027126.wav,1-2_medium-sounding-engine,3-1_non-machinery-impact,11,Monday,11,568,40.73328,-73.99446999999998,19,0
167,11_027177.wav,6-1_stationary-music,6-X_music-from-uncertain-source,11,Friday,10,568,40.73328,-73.99446999999998,36,0
168,11_027181.wav,1-2_medium-sounding-engine,1-1_small-sounding-engine,11,Monday,20,568,40.73328,-73.99446999999998,51,0
169,11_027403.wav,1-2_medium-sounding-engine,7-1_person-or-small-group-talking,11,Tuesday,20,568,40.73328,-73.99446999999998,26,0
171,11_027630.wav,3-1_non-machinery-impact,1-2_medium-sounding-engine,11,Thursday,15,568,40.73328,-73.99446999999998,29,0
173,11_027732.wav,1-2_medium-sounding-engine,1-1_small-sounding-engine,11,Sunday,11,568,40.73328,-73.99446999999998,19,0
174,11_027821.wav,7-1_person-or-small-group-talking,1-2_medium-sounding-engine,11,Wednesday,18,568,40.73328,-73.99446999999998,28,0
178,12_027036.wav,1-3_large-sounding-engine,7-2_person-or-small-group-shouting,12,Saturday,10,523,40.72609,-73.99682,41,0
179,12_027192.wav,1-2_medium-sounding-engine,1-1_small-sounding-engine,12,Saturday,9,523,40.72609,-73.99682,22,0
182,12_027362.wav,1-3_large-sounding-engine,1-1_small-sounding-engine,12,Wednesday,13,523,40.72609,-73.99682,26,0
185,12_027666.wav,7-1_person-or-small-group-talking,3-1_non-machinery-impact,12,Friday,17,523,40.72609,-73.99682,47,0
186,12_027674.wav,7-1_person-or-small-group-talking,1-3_large-sounding-engine,12,Thursday,17,523,40.72609,-73.99682,29,0
187,13_026892.wav,7-1_person-or-small-group-talking,1-1_small-sounding-engine,13,Saturday,20,465,40.72977,-73.98812,22,0
189,13_027129.wav,1-3_large-sounding-engine,1-1_small-sounding-engine,13,Tuesday,17,465,40.72977,-73.98812,37,0
190,13_027202.wav,1-2_medium-sounding-engine,1-1_small-sounding-engine,13,Sunday,9,465,40.72977,-73.98812,26,0
193,13_027644.wav,1-2_medium-sounding-engine,1-1_small-sounding-engine,13,Thursday,17,465,40.72977,-73.98812,21,0
194,13_027691.wav,1-2_medium-sounding-engine,1-1_small-sounding-engine,13,Saturday,8,465,40.72977,-73.98812,22,0
195,13_027734.wav,1-2_medium-sounding-engine,1-1_small-sounding-engine,13,Saturday,20,465,40.72977,-73.98812,43,0
196,13_027867.wav,1-2_medium-sounding-engine,1-1_small-sounding-engine,13,Saturday,12,465,40.72977,-73.98812,24,0
197,14_026950.wav,7-1_person-or-small-group-talking,1-1_small-sounding-engine,14,Sunday,10,142,40.69413,-73.98568,27,0
198,14_027040.wav,7-1_person-or-small-group-talking,1-1_small-sounding-engine,14,Friday,9,142,40.69413,-73.98568,30,0
199,14_027048.wav,1-2_medium-sounding-engine,1-1_small-sounding-engine,14,Wednesday,15,142,40.69413,-73.98568,34,0
200,14_027056.wav,1-2_medium-sounding-engine,1-1_small-sounding-engine,14,Friday,16,142,40.69413,-73.98568,33,0
201,14_027083.wav,5-3_siren,5-1_car-horn,14,Saturday,17,142,40.69413,-73.98568,17,0
203,14_027140.wav,3-1_non-machinery-impact,1-1_small-sounding-engine,14,Wednesday,20,142,40.69413,-73.98568,26,0
205,14_027326.wav,3-1_non-machinery-impact,1-1_small-sounding-engine,14,Friday,11,142,40.69413,-73.98568,26,0
206,14_027330.wav,7-1_person-or-small-group-talking,8-1_dog-barking-whining,14,Friday,11,142,40.69413,-73.98568,30,0
207,14_027334.wav,8-1_dog-barking-whining,3-1_non-machinery-impact,14,Saturday,17,142,40.69413,-73.98568,43,0
208,14_027431.wav,7-1_person-or-small-group-talking,1-1_small-sounding-engine,14,Wednesday,18,142,40.69413,-73.98568,39,0
211,14_027497.wav,7-1_person-or-small-group-talking,1-1_small-sounding-engine,14,Saturday,12,142,40.69413,-73.98568,49,0
212,14_027560.wav,7-1_person-or-small-group-talking,1-1_small-sounding-engine,14,Monday,19,142,40.69413,-73.98568,21,0
213,14_027698.wav,7-1_person-or-small-group-talking,1-1_small-sounding-engine,14,Friday,8,142,40.69413,-73.98568,43,0
214,14_027709.wav,5-4_reverse-beeper,5-3_siren,14,Sunday,10,142,40.69413,-73.98568,39,0
215,14_027785.wav,1-2_medium-sounding-engine,1-1_small-sounding-engine,14,Wednesday,16,142,40.69413,-73.98568,27,0
216,14_027877.wav,7-1_person-or-small-group-talking,3-1_non-machinery-impact,14,Wednesday,15,142,40.69413,-73.98568,39,0
218,16_026960.wav,7-1_person-or-small-group-talking,1-1_small-sounding-engine,16,Wednesday,13,576,40.73501,-73.99479000000002,34,0
219,16_026990.wav,1-3_large-sounding-engine,1-1_small-sounding-engine,16,Wednesday,14,576,40.73501,-73.99479000000002,23,0
220,16_027024.wav,3-1_non-machinery-impact,5-4_reverse-beeper,16,Tuesday,13,576,40.73501,-73.99479000000002,32,0
221,16_027046.wav,5-1_car-horn,6-1_stationary-music,16,Thursday,12,576,40.73501,-73.99479000000002,21,0
222,16_027059.wav,3-1_non-machinery-impact,5-1_car-horn,16,Saturday,12,576,40.73501,-73.99479000000002,23,0
223,16_027124.wav,7-1_person-or-small-group-talking,7-2_person-or-small-group-shouting,16,Thursday,11,576,40.73501,-73.99479000000002,43,0
224,16_027284.wav,7-1_person-or-small-group-talking,1-2_medium-sounding-engine,16,Thursday,13,576,40.73501,-73.99479000000002,21,0
226,16_027415.wav,1-3_large-sounding-engine,1-1_small-sounding-engine,16,Friday,8,576,40.73501,-73.99479000000002,43,0
227,16_027457.wav,7-1_person-or-small-group-talking,4-1_chainsaw,16,Wednesday,19,576,40.73501,-73.99479000000002,37,0
229,16_027558.wav,1-2_medium-sounding-engine,1-3_large-sounding-engine,16,Tuesday,16,576,40.73501,-73.99479000000002,35,0
230,16_027575.wav,1-2_medium-sounding-engine,2-1_rock-drill,16,Tuesday,20,576,40.73501,-73.99479000000002,40,0
235,16_027768.wav,1-2_medium-sounding-engine,1-1_small-sounding-engine,16,Sunday,19,576,40.73501,-73.99479000000002,33,0
236,16_027796.wav,7-1_person-or-small-group-talking,1-1_small-sounding-engine,16,Wednesday,19,576,40.73501,-73.99479000000002,18,0
237,16_027808.wav,3-1_non-machinery-impact,1-1_small-sounding-engine,16,Tuesday,8,576,40.73501,-73.99479000000002,45,0
238,16_027811.wav,1-3_large-sounding-engine,1-1_small-sounding-engine,16,Saturday,18,576,40.73501,-73.99479000000002,40,0
240,16_027820.wav,5-1_car-horn,2-2_jackhammer,16,Monday,9,576,40.73501,-73.99479000000002,28,0
241,16_027831.wav,1-3_large-sounding-engine,5-3_siren,16,Wednesday,9,576,40.73501,-73.99479000000002,40,0
242,16_027835.wav,3-1_non-machinery-impact,1-1_small-sounding-engine,16,Tuesday,9,576,40.73501,-73.99479000000002,28,0
243,16_027849.wav,1-2_medium-sounding-engine,1-1_small-sounding-engine,16,Saturday,12,576,40.73501,-73.99479000000002,29,0
244,16_027863.wav,3-1_non-machinery-impact,7-1_person-or-small-group-talking,16,Friday,14,576,40.73501,-73.99479000000002,26,0
245,17_026901.wav,1-2_medium-sounding-engine,7-1_person-or-small-group-talking,17,Sunday,18,546,40.72947,-73.99589,45,0
247,17_027025.wav,7-1_person-or-small-group-talking,7-2_person-or-small-group-shouting,17,Monday,20,546,40.72947,-73.99589,42,0
248,17_027072.wav,1-2_medium-sounding-engine,1-1_small-sounding-engine,17,Sunday,18,546,40.72947,-73.99589,21,0
249,17_027191.wav,1-2_medium-sounding-engine,1-1_small-sounding-engine,17,Friday,11,546,40.72947,-73.99589,40,0
250,17_027196.wav,1-2_medium-sounding-engine,1-1_small-sounding-engine,17,Friday,18,546,40.72947,-73.99589,48,0
251,17_027216.wav,7-1_person-or-small-group-talking,8-1_dog-barking-whining,17,Monday,12,546,40.72947,-73.99589,51,0
252,17_027220.wav,1-2_medium-sounding-engine,1-1_small-sounding-engine,17,Monday,18,546,40.72947,-73.99589,45,0
253,17_027263.wav,1-3_large-sounding-engine,1-2_medium-sounding-engine,17,Thursday,14,546,40.72947,-73.99589,49,0
256,17_027556.wav,1-2_medium-sounding-engine,5-1_car-horn,17,Thursday,9,546,40.72947,-73.99589,35,0
258,17_027656.wav,3-1_non-machinery-impact,1-1_small-sounding-engine,17,Thursday,11,546,40.72947,-73.99589,33,0
259,17_027678.wav,3-1_non-machinery-impact,1-1_small-sounding-engine,17,Saturday,12,546,40.72947,-73.99589,51,0
261,17_027760.wav,7-1_person-or-small-group-talking,5-1_car-horn,17,Sunday,16,546,40.72947,-73.99589,21,0
263,17_027788.wav,1-2_medium-sounding-engine,7-1_person-or-small-group-talking,17,Tuesday,13,546,40.72947,-73.99589,47,0
264,17_027789.wav,7-1_person-or-small-group-talking,1-1_small-sounding-engine,17,Wednesday,13,546,40.72947,-73.99589,41,0
265,17_027822.wav,7-1_person-or-small-group-talking,3-1_non-machinery-impact,17,Sunday,10,546,40.72947,-73.99589,21,0
266,18_026944.wav,7-1_person-or-small-group-talking,1-2_medium-sounding-engine,18,Wednesday,11,547,40.72996,-73.99449,20,0
267,18_026989.wav,7-1_person-or-small-group-talking,5-1_car-horn,18,Saturday,10,547,40.72996,-73.99449,48,0
268,18_027131.wav,7-1_person-or-small-group-talking,1-2_medium-sounding-engine,18,Monday,18,547,40.72996,-73.99449,35,0
277,18_027353.wav,7-1_person-or-small-group-talking,5-1_car-horn,18,Sunday,20,547,40.72996,-73.99449,27,0
280,18_027543.wav,1-2_medium-sounding-engine,1-1_small-sounding-engine,18,Friday,8,547,40.72996,-73.99449,19,0
281,18_027680.wav,7-1_person-or-small-group-talking,2-1_rock-drill,18,Friday,10,547,40.72996,-73.99449,19,0
282,18_027725.wav,1-2_medium-sounding-engine,1-1_small-sounding-engine,18,Friday,10,547,40.72996,-73.99449,43,0
283,18_027838.wav,7-1_person-or-small-group-talking,3-1_non-machinery-impact,18,Sunday,20,547,40.72996,-73.99449,32,0
287,20_027179.wav,7-1_person-or-small-group-talking,1-2_medium-sounding-engine,20,Friday,13,1393,40.77632,-73.96372,27,0
290,20_027574.wav,1-2_medium-sounding-engine,3-1_non-machinery-impact,20,Tuesday,19,1393,40.77632,-73.96372,50,0
293,22_026946.wav,1-2_medium-sounding-engine,1-1_small-sounding-engine,22,Saturday,20,547,40.72978,-73.99476999999997,50,0
296,22_027316.wav,1-2_medium-sounding-engine,1-1_small-sounding-engine,22,Saturday,20,547,40.72978,-73.99476999999997,45,0
297,22_027440.wav,1-3_large-sounding-engine,1-1_small-sounding-engine,22,Tuesday,20,547,40.72978,-73.99476999999997,36,0
298,22_027504.wav,1-2_medium-sounding-engine,1-1_small-sounding-engine,22,Friday,8,547,40.72978,-73.99476999999997,52,0
299,22_027508.wav,1-2_medium-sounding-engine,1-1_small-sounding-engine,22,Monday,12,547,40.72978,-73.99476999999997,27,0
300,22_027684.wav,1-2_medium-sounding-engine,1-1_small-sounding-engine,22,Friday,9,547,40.72978,-73.99476999999997,52,0
303,22_027842.wav,1-2_medium-sounding-engine,2-X_other-unknown-impact-machinery,22,Thursday,8,547,40.72978,-73.99476999999997,42,0
305,23_027098.wav,1-2_medium-sounding-engine,1-1_small-sounding-engine,23,Thursday,10,535,40.72898,-73.99629,33,0
308,23_027288.wav,1-2_medium-sounding-engine,1-1_small-sounding-engine,23,Monday,19,535,40.72898,-73.99629,36,0
309,23_027309.wav,7-1_person-or-small-group-talking,1-1_small-sounding-engine,23,Tuesday,16,535,40.72898,-73.99629,30,0
310,23_027410.wav,7-1_person-or-small-group-talking,1-3_large-sounding-engine,23,Sunday,9,535,40.72898,-73.99629,31,0
311,23_027654.wav,1-2_medium-sounding-engine,1-1_small-sounding-engine,23,Tuesday,11,535,40.72898,-73.99629,37,0
314,24_026921.wav,7-1_person-or-small-group-talking,5-1_car-horn,24,Tuesday,10,551,40.73206,-73.99763,52,0
315,24_026955.wav,1-2_medium-sounding-engine,1-3_large-sounding-engine,24,Friday,10,551,40.73206,-73.99763,41,0
316,24_026968.wav,7-1_person-or-small-group-talking,1-2_medium-sounding-engine,24,Tuesday,16,551,40.73206,-73.99763,40,0
317,24_026998.wav,3-1_non-machinery-impact,1-1_small-sounding-engine,24,Tuesday,11,551,40.73206,-73.99763,43,0
319,24_027078.wav,7-1_person-or-small-group-talking,6-1_stationary-music,24,Wednesday,14,551,40.73206,-73.99763,22,0
320,24_027171.wav,7-1_person-or-small-group-talking,8-1_dog-barking-whining,24,Tuesday,8,551,40.73206,-73.99763,52,0
321,24_027174.wav,1-2_medium-sounding-engine,7-1_person-or-small-group-talking,24,Monday,11,551,40.73206,-73.99763,29,0
322,24_027182.wav,7-1_person-or-small-group-talking,1-1_small-sounding-engine,24,Tuesday,14,551,40.73206,-73.99763,22,0
323,24_027194.wav,7-1_person-or-small-group-talking,6-1_stationary-music,24,Thursday,17,551,40.73206,-73.99763,22,0
325,24_027328.wav,1-2_medium-sounding-engine,1-1_small-sounding-engine,24,Thursday,19,551,40.73206,-73.99763,47,0
326,24_027385.wav,7-1_person-or-small-group-talking,5-3_siren,24,Tuesday,17,551,40.73206,-73.99763,35,0
327,24_027413.wav,7-1_person-or-small-group-talking,1-1_small-sounding-engine,24,Monday,15,551,40.73206,-73.99763,50,0
328,24_027417.wav,1-3_large-sounding-engine,1-1_small-sounding-engine,24,Tuesday,8,551,40.73206,-73.99763,29,0
329,24_027437.wav,7-1_person-or-small-group-talking,1-2_medium-sounding-engine,24,Saturday,13,551,40.73206,-73.99763,36,0
330,24_027601.wav,1-2_medium-sounding-engine,1-1_small-sounding-engine,24,Thursday,19,551,40.73206,-73.99763,36,0
331,24_027705.wav,7-1_person-or-small-group-talking,3-1_non-machinery-impact,24,Wednesday,16,551,40.73206,-73.99763,51,0
333,24_027723.wav,7-1_person-or-small-group-talking,1-1_small-sounding-engine,24,Tuesday,10,551,40.73206,-73.99763,40,0
334,24_027787.wav,1-2_medium-sounding-engine,7-1_person-or-small-group-talking,24,Monday,19,551,40.73206,-73.99763,50,0
335,25_026896.wav,5-1_car-horn,1-3_large-sounding-engine,25,Monday,14,547,40.72951,-73.99388,25,0
336,25_026931.wav,1-2_medium-sounding-engine,1-3_large-sounding-engine,25,Monday,9,547,40.72951,-73.99388,20,0
337,25_027058.wav,1-2_medium-sounding-engine,1-1_small-sounding-engine,25,Saturday,15,547,40.72951,-73.99388,24,0
340,25_027289.wav,7-1_person-or-small-group-talking,5-1_car-horn,25,Thursday,14,547,40.72951,-73.99388,32,0
341,25_027454.wav,1-2_medium-sounding-engine,1-1_small-sounding-engine,25,Thursday,11,547,40.72951,-73.99388,32,0
342,25_027461.wav,1-3_large-sounding-engine,5-1_car-horn,25,Sunday,19,547,40.72951,-73.99388,16,0
343,25_027490.wav,1-2_medium-sounding-engine,1-1_small-sounding-engine,25,Monday,19,547,40.72951,-73.99388,25,0
344,25_027503.wav,1-2_medium-sounding-engine,5-1_car-horn,25,Sunday,20,547,40.72951,-73.99388,38,0
345,25_027663.wav,1-2_medium-sounding-engine,1-3_large-sounding-engine,25,Friday,10,547,40.72951,-73.99388,37,0
346,25_027673.wav,1-2_medium-sounding-engine,7-1_person-or-small-group-talking,25,Friday,13,547,40.72951,-73.99388,19,0
347,25_027711.wav,7-1_person-or-small-group-talking,5-1_car-horn,25,Tuesday,18,547,40.72951,-73.99388,25,0
349,25_027824.wav,1-3_large-sounding-engine,5-1_car-horn,25,Tuesday,15,547,40.72951,-73.99388,34,0
352,27_027113.wav,7-1_person-or-small-group-talking,2-X_other-unknown-impact-machinery,27,Tuesday,10,547,40.73033,-73.9956,38,0
353,27_027230.wav,7-1_person-or-small-group-talking,6-1_stationary-music,27,Monday,17,547,40.73033,-73.9956,41,0
354,27_027466.wav,7-1_person-or-small-group-talking,5-1_car-horn,27,Sunday,15,547,40.73033,-73.9956,50,0
355,27_027471.wav,7-1_person-or-small-group-talking,1-1_small-sounding-engine,27,Saturday,8,547,40.73033,-73.9956,24,0
357,27_027537.wav,7-1_person-or-small-group-talking,1-2_medium-sounding-engine,27,Tuesday,15,547,40.73033,-73.9956,51,0
359,27_027592.wav,7-1_person-or-small-group-talking,3-1_non-machinery-impact,27,Thursday,15,547,40.73033,-73.9956,39,0
362,27_027848.wav,1-2_medium-sounding-engine,7-1_person-or-small-group-talking,27,Tuesday,16,547,40.73033,-73.9956,47,0
363,29_026885.wav,7-1_person-or-small-group-talking,5-3_siren,29,Monday,20,550,40.73108,-73.99556,16,0
364,29_026907.wav,7-1_person-or-small-group-talking,1-1_small-sounding-engine,29,Sunday,18,550,40.73108,-73.99556,50,0
365,29_026916.wav,7-1_person-or-small-group-talking,3-1_non-machinery-impact,29,Wednesday,13,550,40.73108,-73.99556,34,0
367,29_026973.wav,6-1_stationary-music,7-1_person-or-small-group-talking,29,Friday,15,550,40.73108,-73.99556,22,0
368,29_026981.wav,7-1_person-or-small-group-talking,5-X_other-unknown-alert-signal,29,Friday,12,550,40.73108,-73.99556,52,0
370,29_027003.wav,6-1_stationary-music,1-1_small-sounding-engine,29,Thursday,10,550,40.73108,-73.99556,39,0
371,29_027012.wav,1-2_medium-sounding-engine,8-1_dog-barking-whining,29,Wednesday,8,550,40.73108,-73.99556,43,0
373,29_027066.wav,1-2_medium-sounding-engine,1-1_small-sounding-engine,29,Friday,8,550,40.73108,-73.99556,52,0
376,29_027116.wav,1-2_medium-sounding-engine,5-3_siren,29,Saturday,16,550,40.73108,-73.99556,48,0
377,29_027158.wav,7-1_person-or-small-group-talking,1-1_small-sounding-engine,29,Tuesday,17,550,40.73108,-73.99556,17,0
378,29_027213.wav,3-1_non-machinery-impact,1-1_small-sounding-engine,29,Saturday,8,550,40.73108,-73.99556,20,0
379,29_027247.wav,1-3_large-sounding-engine,1-2_medium-sounding-engine,29,Monday,9,550,40.73108,-73.99556,48,0
385,29_027380.wav,7-1_person-or-small-group-talking,1-2_medium-sounding-engine,29,Sunday,18,550,40.73108,-73.99556,28,0
387,29_027423.wav,7-1_person-or-small-group-talking,5-1_car-horn,29,Friday,8,550,40.73108,-73.99556,36,0
389,29_027447.wav,3-1_non-machinery-impact,1-X_engine-of-uncertain-size,29,Wednesday,17,550,40.73108,-73.99556,32,0
390,29_027450.wav,7-1_person-or-small-group-talking,5-1_car-horn,29,Saturday,14,550,40.73108,-73.99556,29,0
392,29_027478.wav,7-1_person-or-small-group-talking,5-1_car-horn,29,Wednesday,18,550,40.73108,-73.99556,43,0
393,29_027501.wav,7-1_person-or-small-group-talking,3-1_non-machinery-impact,29,Wednesday,17,550,40.73108,-73.99556,46,0
395,29_027557.wav,5-1_car-horn,1-1_small-sounding-engine,29,Saturday,8,550,40.73108,-73.99556,27,0
396,29_027647.wav,7-1_person-or-small-group-talking,5-1_car-horn,29,Monday,15,550,40.73108,-73.99556,48,0
397,29_027660.wav,7-1_person-or-small-group-talking,3-1_non-machinery-impact,29,Friday,14,550,40.73108,-73.99556,36,0
401,29_027784.wav,7-1_person-or-small-group-talking,1-X_engine-of-uncertain-size,29,Tuesday,18,550,40.73108,-73.99556,19,0
403,29_027859.wav,7-1_person-or-small-group-talking,1-1_small-sounding-engine,29,Tuesday,12,550,40.73108,-73.99556,32,0
404,30_027366.wav,1-3_large-sounding-engine,5-1_car-horn,30,Tuesday,12,1260,40.75522,-73.98013,19,0
406,31_027041.wav,1-2_medium-sounding-engine,1-1_small-sounding-engine,31,Tuesday,8,538,40.72978,-73.99791,44,0
407,31_027211.wav,1-2_medium-sounding-engine,1-1_small-sounding-engine,31,Monday,9,538,40.72978,-73.99791,51,0
408,31_027298.wav,8-1_dog-barking-whining,5-1_car-horn,31,Wednesday,15,538,40.72978,-73.99791,28,0
410,31_027348.wav,7-1_person-or-small-group-talking,2-1_rock-drill,31,Thursday,15,538,40.72978,-73.99791,26,0
411,31_027354.wav,7-1_person-or-small-group-talking,8-1_dog-barking-whining,31,Tuesday,14,538,40.72978,-73.99791,25,0
412,31_027542.wav,7-1_person-or-small-group-talking,1-1_small-sounding-engine,31,Sunday,20,538,40.72978,-73.99791,25,0
416,31_027790.wav,7-1_person-or-small-group-talking,5-1_car-horn,31,Monday,9,538,40.72978,-73.99791,28,0
417,31_027802.wav,7-1_person-or-small-group-talking,2-1_rock-drill,31,Wednesday,18,538,40.72978,-73.99791,31,0
419,32_026966.wav,7-1_person-or-small-group-talking,1-2_medium-sounding-engine,32,Friday,15,541,40.73055,-73.99949000000002,31,0
420,32_027044.wav,1-2_medium-sounding-engine,6-1_stationary-music,32,Monday,10,541,40.73055,-73.99949000000002,38,0
421,32_027145.wav,1-2_medium-sounding-engine,5-1_car-horn,32,Friday,12,541,40.73055,-73.99949000000002,31,0
422,32_027206.wav,7-1_person-or-small-group-talking,1-2_medium-sounding-engine,32,Wednesday,13,541,40.73055,-73.99949000000002,22,0
423,32_027608.wav,7-1_person-or-small-group-talking,7-2_person-or-small-group-shouting,32,Wednesday,9,541,40.73055,-73.99949000000002,26,0
424,32_027781.wav,7-1_person-or-small-group-talking,3-1_non-machinery-impact,32,Monday,14,541,40.73055,-73.99949000000002,19,0
427,34_027105.wav,1-2_medium-sounding-engine,1-3_large-sounding-engine,34,Wednesday,9,544,40.72792000000001,-73.99176,25,0
428,34_027118.wav,1-2_medium-sounding-engine,1-1_small-sounding-engine,34,Wednesday,8,544,40.72792000000001,-73.99176,25,0
430,34_027441.wav,7-1_person-or-small-group-talking,1-2_medium-sounding-engine,34,Tuesday,18,544,40.72792000000001,-73.99176,35,0
434,34_027716.wav,7-1_person-or-small-group-talking,5-1_car-horn,34,Tuesday,20,544,40.72792000000001,-73.99176,29,0
435,34_027749.wav,3-1_non-machinery-impact,1-1_small-sounding-engine,34,Thursday,14,544,40.72792000000001,-73.99176,48,0
436,34_027759.wav,7-1_person-or-small-group-talking,5-1_car-horn,34,Thursday,19,544,40.72792000000001,-73.99176,28,0
438,35_026894.wav,1-2_medium-sounding-engine,1-1_small-sounding-engine,35,Monday,15,546,40.72981,-73.99586,23,0
439,35_027114.wav,7-1_person-or-small-group-talking,3-1_non-machinery-impact,35,Sunday,16,546,40.72981,-73.99586,18,0
441,35_027384.wav,7-1_person-or-small-group-talking,5-1_car-horn,35,Monday,18,546,40.72981,-73.99586,23,0
442,35_027409.wav,1-2_medium-sounding-engine,3-1_non-machinery-impact,35,Saturday,14,546,40.72981,-73.99586,18,0
443,35_027463.wav,7-1_person-or-small-group-talking,3-1_non-machinery-impact,35,Wednesday,17,546,40.72981,-73.99586,23,0
446,35_027692.wav,1-2_medium-sounding-engine,1-1_small-sounding-engine,35,Saturday,11,546,40.72981,-73.99586,48,0
448,37_027019.wav,1-2_medium-sounding-engine,1-1_small-sounding-engine,37,Wednesday,10,546,40.72915,-73.995,48,0
449,37_027023.wav,7-1_person-or-small-group-talking,3-1_non-machinery-impact,37,Tuesday,11,546,40.72915,-73.995,39,0
450,37_027134.wav,1-2_medium-sounding-engine,1-1_small-sounding-engine,37,Sunday,10,546,40.72915,-73.995,17,0
451,37_027190.wav,1-2_medium-sounding-engine,5-1_car-horn,37,Monday,10,546,40.72915,-73.995,40,0
452,37_027215.wav,7-1_person-or-small-group-talking,7-2_person-or-small-group-shouting,37,Thursday,19,546,40.72915,-73.995,39,0
453,37_027238.wav,1-2_medium-sounding-engine,1-X_engine-of-uncertain-size,37,Monday,18,546,40.72915,-73.995,35,0
454,37_027252.wav,1-2_medium-sounding-engine,7-1_person-or-small-group-talking,37,Thursday,20,546,40.72915,-73.995,24,0
455,37_027308.wav,1-2_medium-sounding-engine,1-1_small-sounding-engine,37,Thursday,8,546,40.72915,-73.995,27,0
457,37_027489.wav,1-2_medium-sounding-engine,1-1_small-sounding-engine,37,Wednesday,18,546,40.72915,-73.995,21,0
458,37_027491.wav,1-2_medium-sounding-engine,1-1_small-sounding-engine,37,Saturday,8,546,40.72915,-73.995,51,0
460,37_027693.wav,1-2_medium-sounding-engine,1-1_small-sounding-engine,37,Thursday,16,546,40.72915,-73.995,24,0
461,37_027850.wav,1-2_medium-sounding-engine,1-1_small-sounding-engine,37,Friday,8,546,40.72915,-73.995,26,0
462,38_026934.wav,1-2_medium-sounding-engine,1-1_small-sounding-engine,38,Friday,9,550,40.73142,-73.99629,34,0
464,38_026997.wav,1-3_large-sounding-engine,1-1_small-sounding-engine,38,Wednesday,10,550,40.73142,-73.99629,39,0
466,38_027032.wav,1-3_large-sounding-engine,1-2_medium-sounding-engine,38,Wednesday,13,550,40.73142,-73.99629,27,0
471,38_027395.wav,7-1_person-or-small-group-talking,1-2_medium-sounding-engine,38,Saturday,10,550,40.73142,-73.99629,20,0
473,38_027467.wav,1-3_large-sounding-engine,7-1_person-or-small-group-talking,38,Friday,10,550,40.73142,-73.99629,30,0
476,38_027619.wav,1-3_large-sounding-engine,1-2_medium-sounding-engine,38,Friday,8,550,40.73142,-73.99629,33,0
477,38_027626.wav,3-1_non-machinery-impact,1-1_small-sounding-engine,38,Saturday,9,550,40.73142,-73.99629,42,0
478,38_027650.wav,1-3_large-sounding-engine,1-1_small-sounding-engine,38,Monday,11,550,40.73142,-73.99629,16,0
479,38_027664.wav,1-2_medium-sounding-engine,3-1_non-machinery-impact,38,Thursday,14,550,40.73142,-73.99629,44,0
480,38_027743.wav,1-3_large-sounding-engine,7-1_person-or-small-group-talking,38,Saturday,17,550,40.73142,-73.99629,33,0
481,38_027748.wav,7-1_person-or-small-group-talking,1-1_small-sounding-engine,38,Saturday,9,550,40.73142,-73.99629,33,0
482,39_027459.wav,1-2_medium-sounding-engine,1-1_small-sounding-engine,39,Thursday,15,1393,40.77632,-73.96372,32,0
484,39_027631.wav,7-1_person-or-small-group-talking,1-2_medium-sounding-engine,39,Tuesday,13,1393,40.77632,-73.96372,43,0
485,39_027727.wav,7-1_person-or-small-group-talking,1-3_large-sounding-engine,39,Wednesday,14,1393,40.77632,-73.96372,32,0
487,39_027807.wav,3-1_non-machinery-impact,7-1_person-or-small-group-talking,39,Tuesday,13,1393,40.77632,-73.96372,28,0
488,39_027839.wav,1-2_medium-sounding-engine,1-1_small-sounding-engine,39,Saturday,11,1393,40.77632,-73.96372,38,0
489,40_027016.wav,1-2_medium-sounding-engine,1-1_small-sounding-engine,40,Friday,14,523,40.72609,-73.99682,25,0
490,40_027047.wav,1-2_medium-sounding-engine,1-1_small-sounding-engine,40,Saturday,11,523,40.72609,-73.99682,39,0
491,40_027093.wav,1-2_medium-sounding-engine,1-X_engine-of-uncertain-size,40,Saturday,12,523,40.72609,-73.99682,28,0
493,40_027141.wav,7-1_person-or-small-group-talking,1-2_medium-sounding-engine,40,Friday,18,523,40.72609,-73.99682,44,0
496,40_027331.wav,1-2_medium-sounding-engine,1-1_small-sounding-engine,40,Friday,9,523,40.72609,-73.99682,36,0
497,40_027340.wav,1-2_medium-sounding-engine,3-1_non-machinery-impact,40,Monday,10,523,40.72609,-73.99682,48,0
498,40_027360.wav,1-2_medium-sounding-engine,1-1_small-sounding-engine,40,Saturday,8,523,40.72609,-73.99682,28,0
499,40_027512.wav,1-2_medium-sounding-engine,1-3_large-sounding-engine,40,Friday,9,523,40.72609,-73.99682,44,0
500,40_027566.wav,1-2_medium-sounding-engine,1-1_small-sounding-engine,40,Tuesday,19,523,40.72609,-73.99682,52,0
501,40_027761.wav,1-3_large-sounding-engine,5-4_reverse-beeper,40,Monday,9,523,40.72609,-73.99682,45,0
502,40_027783.wav,1-2_medium-sounding-engine,5-1_car-horn,40,Monday,17,523,40.72609,-73.99682,45,0
503,40_027791.wav,1-2_medium-sounding-engine,1-1_small-sounding-engine,40,Tuesday,8,523,40.72609,-73.99682,52,0
504,41_026996.wav,7-1_person-or-small-group-talking,5-1_car-horn,41,Saturday,20,541,40.73055,-73.99949000000002,29,0
505,41_027005.wav,7-1_person-or-small-group-talking,2-1_rock-drill,41,Tuesday,16,541,40.73055,-73.99949000000002,19,0
509,41_027160.wav,1-2_medium-sounding-engine,1-X_engine-of-uncertain-size,41,Saturday,10,541,40.73055,-73.99949000000002,23,0
510,41_027214.wav,1-2_medium-sounding-engine,7-1_person-or-small-group-talking,41,Saturday,8,541,40.73055,-73.99949000000002,37,0
511,41_027233.wav,1-2_medium-sounding-engine,3-1_non-machinery-impact,41,Monday,13,541,40.73055,-73.99949000000002,33,0
512,41_027268.wav,7-1_person-or-small-group-talking,1-2_medium-sounding-engine,41,Friday,19,541,40.73055,-73.99949000000002,45,0
515,41_027494.wav,1-2_medium-sounding-engine,7-1_person-or-small-group-talking,41,Thursday,16,541,40.73055,-73.99949000000002,48,0
516,41_027522.wav,7-1_person-or-small-group-talking,1-1_small-sounding-engine,41,Thursday,10,541,40.73055,-73.99949000000002,47,0
518,41_027546.wav,1-2_medium-sounding-engine,1-1_small-sounding-engine,41,Friday,9,541,40.73055,-73.99949000000002,40,0
521,41_027681.wav,1-2_medium-sounding-engine,5-1_car-horn,41,Sunday,12,541,40.73055,-73.99949000000002,17,0
522,41_027695.wav,7-1_person-or-small-group-talking,5-1_car-horn,41,Friday,17,541,40.73055,-73.99949000000002,45,0
523,41_027813.wav,7-1_person-or-small-group-talking,5-1_car-horn,41,Monday,18,541,40.73055,-73.99949000000002,42,0
524,45_026965.wav,1-3_large-sounding-engine,1-2_medium-sounding-engine,45,Monday,9,1964,40.73802,-73.85184,34,0
526,45_027039.wav,1-3_large-sounding-engine,5-1_car-horn,45,Friday,20,1964,40.73802,-73.85184,29,0
529,45_027159.wav,1-2_medium-sounding-engine,1-1_small-sounding-engine,45,Friday,8,1964,40.73802,-73.85184,51,0
532,45_027553.wav,1-3_large-sounding-engine,1-2_medium-sounding-engine,45,Monday,11,1964,40.73802,-73.85184,34,0
538,48_026909.wav,1-3_large-sounding-engine,1-1_small-sounding-engine,48,Wednesday,12,2613,40.72399,-73.95679,33,0
539,48_026913.wav,1-2_medium-sounding-engine,7-1_person-or-small-group-talking,48,Sunday,8,2613,40.72399,-73.95679,21,0
544,48_027280.wav,3-1_non-machinery-impact,1-1_small-sounding-engine,48,Wednesday,11,2613,40.72399,-73.95679,33,0
545,48_027283.wav,3-1_non-machinery-impact,5-1_car-horn,48,Wednesday,9,2613,40.72399,-73.95679,30,0
546,48_027318.wav,7-1_person-or-small-group-talking,4-1_chainsaw,48,Sunday,10,2613,40.72399,-73.95679,21,0
547,48_027329.wav,1-2_medium-sounding-engine,1-1_small-sounding-engine,48,Friday,11,2613,40.72399,-73.95679,27,0
548,48_027407.wav,5-3_siren,1-X_engine-of-uncertain-size,48,Saturday,9,2613,40.72399,-73.95679,17,0
551,49_026988.wav,1-2_medium-sounding-engine,1-1_small-sounding-engine,49,Sunday,9,165,40.68862,-73.98404000000002,28,0
552,49_026991.wav,1-2_medium-sounding-engine,1-1_small-sounding-engine,49,Wednesday,18,165,40.68862,-73.98404000000002,21,0
554,49_027227.wav,1-2_medium-sounding-engine,3-1_non-machinery-impact,49,Friday,18,165,40.68862,-73.98404000000002,23,0
555,49_027265.wav,1-3_large-sounding-engine,1-1_small-sounding-engine,49,Tuesday,8,165,40.68862,-73.98404000000002,48,0
556,49_027344.wav,1-2_medium-sounding-engine,3-1_non-machinery-impact,49,Sunday,20,165,40.68862,-73.98404000000002,40,0
557,49_027418.wav,7-1_person-or-small-group-talking,3-1_non-machinery-impact,49,Thursday,14,165,40.68862,-73.98404000000002,44,0
558,49_027426.wav,1-1_small-sounding-engine,5-1_car-horn,49,Sunday,14,165,40.68862,-73.98404000000002,16,0
559,49_027429.wav,1-3_large-sounding-engine,1-2_medium-sounding-engine,49,Friday,16,165,40.68862,-73.98404000000002,19,0
560,49_027458.wav,7-1_person-or-small-group-talking,5-3_siren,49,Sunday,17,165,40.68862,-73.98404000000002,40,0
561,49_027609.wav,1-2_medium-sounding-engine,7-1_person-or-small-group-talking,49,Tuesday,18,165,40.68862,-73.98404000000002,34,0
562,49_027721.wav,5-1_car-horn,5-4_reverse-beeper,49,Friday,15,165,40.68862,-73.98404000000002,32,0
564,49_027812.wav,7-1_person-or-small-group-talking,7-2_person-or-small-group-shouting,49,Wednesday,17,165,40.68862,-73.98404000000002,35,0
565,49_027833.wav,1-3_large-sounding-engine,1-2_medium-sounding-engine,49,Monday,13,165,40.68862,-73.98404000000002,30,0
567,50_026914.wav,1-2_medium-sounding-engine,5-1_car-horn,50,Saturday,15,142,40.6942,-73.98661,30,0
569,50_026932.wav,1-2_medium-sounding-engine,7-1_person-or-small-group-talking,50,Thursday,14,142,40.6942,-73.98661,29,0
572,50_027240.wav,1-2_medium-sounding-engine,1-1_small-sounding-engine,50,Saturday,8,142,40.6942,-73.98661,45,0
575,50_027267.wav,7-1_person-or-small-group-talking,3-1_non-machinery-impact,50,Tuesday,13,142,40.6942,-73.98661,32,0
576,50_027279.wav,1-2_medium-sounding-engine,8-1_dog-barking-whining,50,Friday,12,142,40.6942,-73.98661,22,0
578,50_027394.wav,7-1_person-or-small-group-talking,1-1_small-sounding-engine,50,Sunday,14,142,40.6942,-73.98661,35,0
579,50_027408.wav,1-2_medium-sounding-engine,5-1_car-horn,50,Friday,20,142,40.6942,-73.98661,21,0
580,50_027534.wav,7-1_person-or-small-group-talking,7-X_other-unknown-human-voice,50,Monday,19,142,40.6942,-73.98661,47,0
581,50_027623.wav,5-1_car-horn,1-1_small-sounding-engine,50,Friday,15,142,40.6942,-73.98661,26,0
582,50_027628.wav,7-1_person-or-small-group-talking,8-1_dog-barking-whining,50,Monday,13,142,40.6942,-73.98661,41,0
583,50_027667.wav,7-1_person-or-small-group-talking,3-1_non-machinery-impact,50,Friday,20,142,40.6942,-73.98661,22,0
585,50_027697.wav,1-3_large-sounding-engine,1-1_small-sounding-engine,50,Friday,20,142,40.6942,-73.98661,33,0
586,50_027701.wav,7-1_person-or-small-group-talking,5-1_car-horn,50,Wednesday,16,142,40.6942,-73.98661,38,0
589,51_026917.wav,1-2_medium-sounding-engine,1-3_large-sounding-engine,51,Friday,8,198,40.71732,-73.99993,42,0
591,51_027004.wav,1-2_medium-sounding-engine,3-1_non-machinery-impact,51,Tuesday,20,198,40.71732,-73.99993,19,0
593,51_027221.wav,1-2_medium-sounding-engine,3-1_non-machinery-impact,51,Saturday,9,198,40.71732,-73.99993,30,0
594,51_027282.wav,1-3_large-sounding-engine,1-2_medium-sounding-engine,51,Saturday,15,198,40.71732,-73.99993,40,0
597,51_027518.wav,1-2_medium-sounding-engine,1-1_small-sounding-engine,51,Saturday,17,198,40.71732,-73.99993,40,0
598,51_027612.wav,1-2_medium-sounding-engine,1-1_small-sounding-engine,51,Saturday,14,198,40.71732,-73.99993,34,0
600,52_027217.wav,1-2_medium-sounding-engine,5-1_car-horn,52,Saturday,18,789,40.7551,-73.99005,40,0
601,52_027479.wav,7-1_person-or-small-group-talking,5-1_car-horn,52,Saturday,20,789,40.7551,-73.99005,39,0
602,52_027652.wav,1-3_large-sounding-engine,1-1_small-sounding-engine,52,Wednesday,12,789,40.7551,-73.99005,49,0
603,52_027829.wav,1-2_medium-sounding-engine,1-1_small-sounding-engine,52,Saturday,17,789,40.7551,-73.99005,42,0
604,53_027034.wav,1-2_medium-sounding-engine,3-1_non-machinery-impact,53,Thursday,10,610,40.67517,-74.01576,44,0
607,53_027257.wav,7-1_person-or-small-group-talking,3-1_non-machinery-impact,53,Saturday,17,610,40.67517,-74.01576,47,0
608,53_027276.wav,1-2_medium-sounding-engine,3-1_non-machinery-impact,53,Monday,16,610,40.67517,-74.01576,26,0
609,53_027519.wav,1-2_medium-sounding-engine,5-4_reverse-beeper,53,Monday,8,610,40.67517,-74.01576,37,0
610,53_027550.wav,1-2_medium-sounding-engine,1-1_small-sounding-engine,53,Thursday,20,610,40.67517,-74.01576,26,0
611,53_027624.wav,1-2_medium-sounding-engine,1-1_small-sounding-engine,53,Wednesday,15,610,40.67517,-74.01576,27,0
612,53_027688.wav,1-2_medium-sounding-engine,1-1_small-sounding-engine,53,Wednesday,17,610,40.67517,-74.01576,51,0
613,53_027699.wav,7-1_person-or-small-group-talking,7-2_person-or-small-group-shouting,53,Saturday,18,610,40.67517,-74.01576,22,0
614,53_027800.wav,1-1_small-sounding-engine,1-X_engine-of-uncertain-size,53,Wednesday,20,610,40.67517,-74.01576,51,0
615,53_027870.wav,1-2_medium-sounding-engine,7-1_person-or-small-group-talking,53,Monday,17,610,40.67517,-74.01576,39,0
616,54_027254.wav,7-1_person-or-small-group-talking,5-3_siren,54,Thursday,11,151,40.6913,-73.98647,49,0
617,55_027052.wav,1-3_large-sounding-engine,1-1_small-sounding-engine,55,Sunday,9,587,40.67634,-74.01375,34,0
618,55_027069.wav,1-1_small-sounding-engine,3-1_non-machinery-impact,55,Tuesday,16,587,40.67634,-74.01375,16,0
619,55_027077.wav,7-1_person-or-small-group-talking,1-2_medium-sounding-engine,55,Friday,11,587,40.67634,-74.01375,46,0
621,55_027222.wav,1-3_large-sounding-engine,1-2_medium-sounding-engine,55,Sunday,13,587,40.67634,-74.01375,25,0
624,55_027272.wav,5-3_siren,1-3_large-sounding-engine,55,Saturday,11,587,40.67634,-74.01375,37,0
625,55_027393.wav,7-1_person-or-small-group-talking,1-1_small-sounding-engine,55,Friday,9,587,40.67634,-74.01375,50,0
626,55_027401.wav,8-1_dog-barking-whining,1-1_small-sounding-engine,55,Saturday,9,587,40.67634,-74.01375,21,0
628,55_027517.wav,3-1_non-machinery-impact,1-3_large-sounding-engine,55,Tuesday,18,587,40.67634,-74.01375,18,0
629,55_027559.wav,1-2_medium-sounding-engine,5-1_car-horn,55,Tuesday,10,587,40.67634,-74.01375,18,0
630,55_027618.wav,1-2_medium-sounding-engine,1-3_large-sounding-engine,55,Saturday,14,587,40.67634,-74.01375,21,0
633,55_027773.wav,1-2_medium-sounding-engine,1-3_large-sounding-engine,55,Friday,12,587,40.67634,-74.01375,45,0
634,55_027779.wav,7-1_person-or-small-group-talking,5-1_car-horn,55,Friday,15,587,40.67634,-74.01375,45,0
636,55_027843.wav,1-2_medium-sounding-engine,8-1_dog-barking-whining,55,Monday,19,587,40.67634,-74.01375,27,0
639,56_027165.wav,5-1_car-horn,5-2_car-alarm,56,Sunday,12,165,40.68876,-73.98453,50,0
640,56_027236.wav,1-2_medium-sounding-engine,1-1_small-sounding-engine,56,Monday,20,165,40.68876,-73.98453,43,0
642,56_027443.wav,1-3_large-sounding-engine,1-2_medium-sounding-engine,56,Tuesday,17,165,40.68876,-73.98453,16,0
645,56_027493.wav,5-1_car-horn,5-3_siren,56,Monday,14,165,40.68876,-73.98453,16,0
646,56_027507.wav,7-1_person-or-small-group-talking,5-1_car-horn,56,Tuesday,11,165,40.68876,-73.98453,16,0
647,56_027606.wav,1-2_medium-sounding-engine,1-3_large-sounding-engine,56,Friday,20,165,40.68876,-73.98453,26,0
648,56_027757.wav,3-1_non-machinery-impact,1-1_small-sounding-engine,56,Monday,8,165,40.68876,-73.98453,23,0
650,57_027304.wav,1-3_large-sounding-engine,1-2_medium-sounding-engine,57,Saturday,13,462,40.72783,-73.98863,33,0
651,57_027315.wav,1-2_medium-sounding-engine,1-1_small-sounding-engine,57,Friday,9,462,40.72783,-73.98863,34,0
652,57_027374.wav,1-2_medium-sounding-engine,1-1_small-sounding-engine,57,Sunday,18,462,40.72783,-73.98863,30,0
654,57_027538.wav,1-3_large-sounding-engine,1-2_medium-sounding-engine,57,Monday,20,462,40.72783,-73.98863,29,0
657,58_027154.wav,7-1_person-or-small-group-talking,3-1_non-machinery-impact,58,Friday,19,2015,40.68157,-73.95918,29,0
658,58_027515.wav,7-1_person-or-small-group-talking,1-3_large-sounding-engine,58,Thursday,15,2015,40.68157,-73.95918,30,0
659,58_027562.wav,7-1_person-or-small-group-talking,7-2_person-or-small-group-shouting,58,Friday,16,2015,40.68157,-73.95918,28,0
660,61_027412.wav,1-1_small-sounding-engine,2-1_rock-drill,61,Monday,8,565,40.67767,-74.01292,23,0
661,61_027621.wav,3-1_non-machinery-impact,1-1_small-sounding-engine,61,Saturday,19,565,40.67767,-74.01292,22,0
663,61_027827.wav,1-2_medium-sounding-engine,1-1_small-sounding-engine,61,Tuesday,20,565,40.67767,-74.01292,32,0
